index	event_label	onset	offset	filename
0	Speech	0.0	0.28	/home/sanchit/res_vad/data/porter_audio_clean/hermes-cca%2F2022-01-22%2F9342739a-19e4-42f1-b68a-96595fb947ed%2F85e6a30d-ba9d-41bb-8b95-3d470799d41a.wav
0	non-Speech	0.0	3.54	/home/sanchit/res_vad/data/porter_audio_clean/hermes-cca%2F2022-02-08%2Fd1542b9a-7783-4f6e-862a-118ed1a93f3a%2Fb1189d0e-eaed-46cc-990c-85e42e49f18b.wav
2	Speech	0.0	12.5	/home/sanchit/res_vad/data/porter_audio_clean/hermes-cca%2F2022-02-08%2Fd1542b9a-7783-4f6e-862a-118ed1a93f3a%2Fb1189d0e-eaed-46cc-990c-85e42e49f18b.wav
0	non-Speech	0.04	4.6000000000000005	/home/sanchit/res_vad/data/porter_audio_clean/hermes-cca%2F2022-01-11%2F37e14830-16a2-491e-b558-39c17d54dfb0%2F4009be9d-9392-4c67-ac2b-223b8b2235fb.wav
0	non-Speech	0.06	6.66	/home/sanchit/res_vad/data/porter_audio_clean/hermes-cca%2F2021-12-31%2Fae3b2058-6af4-49cc-925e-442bf3c214f0%2Fcaf0c458-f376-4590-9023-7c9d55bd529f.wav
0	Speech	0.06	0.5	/home/sanchit/res_vad/data/porter_audio_clean/hermes-cca%2F2021-12-28%2F87ce1280-c1bb-4f97-afb0-a69abcdaccbc%2F86ea26e4-383a-4f8d-867f-b8dc0f7314e2.wav
0	non-Speech	0.08	5.1000000000000005	/home/sanchit/res_vad/data/porter_audio_clean/hermes-cca%2F2022-01-05%2F08b507a7-741c-4fe9-bc9b-de2f55dcb015%2F4a5b4c82-5d9d-4ac6-bb21-3333207cd9e3.wav
0	non-Speech	0.1	4.2	/home/sanchit/res_vad/data/porter_audio_clean/hermes-cca%2F2022-01-05%2F2d553ebb-8ba8-4b97-8cef-6d90f59c78ba%2F83a83e78-1971-4b7a-8950-a9aca1eeff7b.wav
0	Speech	0.1	0.52	/home/sanchit/res_vad/data/porter_audio_clean/hermes-cca%2F2021-12-28%2Fea7765d7-a947-4ac7-b113-f22eccd4b40f%2F9fefaf26-bbfd-4680-bf16-a4bd293272d5.wav
0	non-Speech	0.12	3.6	/home/sanchit/res_vad/data/porter_audio_clean/hermes-cca%2F2022-01-04%2Fd324bd2b-c8c8-4c45-81de-e79df13f3f80%2Fb7b1a16a-83f0-4c1a-9482-b1a694636ae5.wav
0	Speech	0.12	6.12	/home/sanchit/res_vad/data/porter_audio_clean/hermes-cca%2F2022-01-11%2Fc63d78d3-3af9-4bdb-ae16-92400ce1a2ff%2Fdffa0eba-22c8-4021-8b59-2df5cc286cdb.wav
3	Speech	0.12	3.56	/home/sanchit/res_vad/data/porter_audio_clean/hermes-cca%2F2022-02-09%2F415be487-30e5-45c2-9962-3007c667a51f%2F5a290f3b-0abd-415a-bce7-0b67f634e5a3.wav
0	Speech	0.14	1.56	/home/sanchit/res_vad/data/porter_audio_clean/hermes-cca%2F2021-12-31%2F28c8135c-d6dd-4e92-b70d-01cab6aaa6b8%2F028b783f-8dea-47fd-a9b4-8fdf25efb349.wav
0	non-Speech	0.14	5.1000000000000005	/home/sanchit/res_vad/data/porter_audio_clean/hermes-cca%2F2022-01-11%2F87551c85-f151-4e69-8aaa-732878e3bd3f%2Ff448a326-2d9e-4a29-9c8f-98c4e69fa739.wav
0	Speech	0.18	2.66	/home/sanchit/res_vad/data/porter_audio_clean/hermes-cca%2F2021-12-28%2Ff604e6d4-7656-4f9b-92bd-e776ac29055a%2F30aa0a30-de1f-4e9d-bf20-613d58156f24.wav
0	Speech	0.22	0.68	/home/sanchit/res_vad/data/porter_audio_clean/hermes-cca%2F2022-01-04%2F2c7fe4ac-f88a-4c66-9a09-a175f79dd090%2Fa6788c71-0214-4205-a7bc-d1ab94b7cc63.wav
0	Speech	0.22	3.8200000000000003	/home/sanchit/res_vad/data/porter_audio_clean/hermes-cca%2F2022-01-11%2F29c0ecb0-46d5-4ee0-8d35-eba0566fee16%2Fd36789d4-8f36-4295-853a-ceb14863cf7a.wav
0	non-Speech	0.22	8.2	/home/sanchit/res_vad/data/porter_audio_clean/hermes-cca%2F2021-12-28%2F470d3931-f68e-46d9-9928-97a7d0b368cb%2Fc29b0f77-703a-42a8-a5fd-a5dae1853394.wav
0	non-Speech	0.24	2.86	/home/sanchit/res_vad/data/porter_audio_clean/hermes-cca%2F2022-01-04%2Ffddb98af-e3f7-43df-9cb1-541eda050058%2F814d4055-e85b-4139-b19c-5b64a8d18578.wav
1	Speech	0.32	2.66	/home/sanchit/res_vad/data/porter_audio_clean/hermes-cca%2F2022-02-09%2Ff253d22b-9a8a-4efe-9090-230bc9334956%2F785e4b8f-1f12-48c4-b8bb-4c4fa7ceeff0.wav
0	Speech	0.32	2.2800000000000002	/home/sanchit/res_vad/data/porter_audio_clean/hermes-cca%2F2022-01-22%2F383b999f-c53d-436a-84ea-5b6a567ef7c4%2F4bc7129b-8340-4ac8-ad2f-7ba3ed3adbd7.wav
1	Speech	0.36	0.74	/home/sanchit/res_vad/data/porter_audio_clean/hermes-cca%2F2022-01-22%2F9342739a-19e4-42f1-b68a-96595fb947ed%2F85e6a30d-ba9d-41bb-8b95-3d470799d41a.wav
0	Speech	0.38	0.92	/home/sanchit/res_vad/data/porter_audio_clean/hermes-cca%2F2021-12-31%2F701bbef6-a3e7-4b14-852d-8acff06b3bd0%2Fac40dc9a-a503-4c12-af7a-13a24e73ded8.wav
0	Speech	0.4	0.8	/home/sanchit/res_vad/data/porter_audio_clean/hermes-cca%2F2022-02-08%2F04f95a31-5bb4-494b-bf10-a2a6499509af%2Ff27d1296-dc26-4b23-bcaf-d7ce0a93047c.wav
1	Speech	0.44	8.2	/home/sanchit/res_vad/data/porter_audio_clean/hermes-cca%2F2021-12-28%2F470d3931-f68e-46d9-9928-97a7d0b368cb%2Fc29b0f77-703a-42a8-a5fd-a5dae1853394.wav
0	Speech	0.48	2.84	/home/sanchit/res_vad/data/porter_audio_clean/hermes-cca%2F2022-02-09%2Fd6885b97-325a-4d99-857e-369a8f2b88d9%2F7e42dc93-81b9-4b40-82af-0457be7b9289.wav
0	Speech	0.5	0.92	/home/sanchit/res_vad/data/porter_audio_clean/hermes-cca%2F2021-12-28%2Fea7765d7-a947-4ac7-b113-f22eccd4b40f%2F8c847701-8c0d-4923-a9b1-7601f6e43b2f.wav
0	Speech	0.54	2.86	/home/sanchit/res_vad/data/porter_audio_clean/hermes-cca%2F2021-12-28%2F470d3931-f68e-46d9-9928-97a7d0b368cb%2F8e66b287-c906-4813-9549-ade44dfecfe2.wav
0	Speech	0.56	0.98	/home/sanchit/res_vad/data/porter_audio_clean/hermes-cca%2F2022-02-09%2F0caf0721-dc89-475d-9636-c8e7ca57a039%2Fed080f21-cb26-4c64-9739-cfecf25b9d3a.wav
0	Speech	0.6	1.16	/home/sanchit/res_vad/data/porter_audio_clean/hermes-cca%2F2021-12-28%2F322ae7ae-43f9-47fd-ac12-7e15080a323c%2F4c74a3fe-72f9-49db-84cf-11bf3b09aa11.wav
0	non-Speech	0.6	6.54	/home/sanchit/res_vad/data/porter_audio_clean/hermes-cca%2F2022-02-04%2F851d1ead-04a9-4b63-886d-4e0e91e8a192%2F5b405d19-6183-44d0-a22a-22abdfe0d89b.wav
0	Speech	0.62	3.34	/home/sanchit/res_vad/data/porter_audio_clean/hermes-cca%2F2022-02-04%2Fbf69cf9b-b0fe-4c8e-8049-fe2a1a265dbb%2F0d9907a7-1baa-49a3-967f-9a27baee7926.wav
0	Speech	0.62	3.44	/home/sanchit/res_vad/data/porter_audio_clean/hermes-cca%2F2022-02-04%2Fbf69cf9b-b0fe-4c8e-8049-fe2a1a265dbb%2Ff8ebf6a7-9253-4ac7-b6c1-048571920d37.wav
0	Speech	0.62	1.76	/home/sanchit/res_vad/data/porter_audio_clean/hermes-cca%2F2021-12-28%2Fb6f43104-e7fe-48c3-ab59-154034930abf%2Fbdabd043-ec11-40c3-a9c9-ee4933f76e58.wav
0	Speech	0.64	1.52	/home/sanchit/res_vad/data/porter_audio_clean/hermes-cca%2F2022-02-08%2Fb859f859-745a-44f9-8d74-2bd5320e3353%2F194f29c5-9e11-4d8d-9ea5-ad0c167b1679.wav
0	Speech	0.66	2.34	/home/sanchit/res_vad/data/porter_audio_clean/hermes-cca%2F2022-01-22%2Fc32ad1af-d8fc-48e4-8adf-39bee16b9568%2F1ab67826-1d1a-4a4e-8fcf-c5f42378431c.wav
1	Speech	0.66	1.4000000000000001	/home/sanchit/res_vad/data/porter_audio_clean/hermes-cca%2F2021-12-28%2F87ce1280-c1bb-4f97-afb0-a69abcdaccbc%2F86ea26e4-383a-4f8d-867f-b8dc0f7314e2.wav
0	Speech	0.7000000000000001	2.86	/home/sanchit/res_vad/data/porter_audio_clean/hermes-cca%2F2022-02-04%2F37051223-9f30-4fff-8d58-5248257192a2%2F28a8ae2e-a1a5-459a-ad41-8a779d18412d.wav
0	Speech	0.7000000000000001	5.64	/home/sanchit/res_vad/data/porter_audio_clean/hermes-cca%2F2022-01-22%2F113fbb32-a40d-46a5-bb4d-80a63eb56e51%2F049b7bba-3ac2-4dcd-aa80-e3101f9083bb.wav
0	Speech	0.7000000000000001	1.3800000000000001	/home/sanchit/res_vad/data/porter_audio_clean/hermes-cca%2F2021-12-31%2Fd14e2cf7-07b3-40ee-8f6c-24e05b2e47c2%2F25c5e925-10dd-4e19-9faa-191b7863c0bf.wav
0	Speech	0.7000000000000001	2.38	/home/sanchit/res_vad/data/porter_audio_clean/hermes-cca%2F2021-12-31%2F0cf45299-81e3-44c6-ba2b-d5b6edad2862%2F11369817-ed67-4838-9602-7b55b17fbb18.wav
0	Speech	0.72	2.04	/home/sanchit/res_vad/data/porter_audio_clean/hermes-cca%2F2021-12-28%2Fb6f43104-e7fe-48c3-ab59-154034930abf%2Fd0a9c3ce-45be-4963-ab91-8739a76248e4.wav
0	Speech	0.74	1.6400000000000001	/home/sanchit/res_vad/data/porter_audio_clean/hermes-cca%2F2022-02-11%2Fb0a63cc0-297e-45c4-b5f5-ce6cf5488fa7%2F3129ed8b-d130-4753-9880-abe124eb9cc6.wav
0	Speech	0.74	1.44	/home/sanchit/res_vad/data/porter_audio_clean/hermes-cca%2F2022-02-11%2F2a062194-1285-4971-85ff-97cace9dfa78%2F3954fb66-6bc0-46ba-a5a1-265dfa628099.wav
0	Speech	0.78	2.46	/home/sanchit/res_vad/data/porter_audio_clean/hermes-cca%2F2021-12-28%2F470d3931-f68e-46d9-9928-97a7d0b368cb%2Fdd29eef6-f203-4f70-b377-43e1da2e779f.wav
0	Speech	0.78	1.8	/home/sanchit/res_vad/data/porter_audio_clean/hermes-cca%2F2022-01-22%2Fac6c4e02-823b-4ddf-a80f-00ef3c915d32%2F750852eb-167f-4638-89f5-c80d1ca050b2.wav
0	Speech	0.78	3.8200000000000003	/home/sanchit/res_vad/data/porter_audio_clean/hermes-cca%2F2022-02-08%2Ff3340446-302f-4122-8374-ee05fea0e45b%2F9ce632ed-2beb-4b5a-82ce-536dd6d2d535.wav
0	Speech	0.8	1.3	/home/sanchit/res_vad/data/porter_audio_clean/hermes-cca%2F2022-02-08%2F70fde3ae-b8b0-46b4-83d0-edbdc64bfed8%2Fb7684206-6486-4142-99eb-ae919208e99c.wav
0	Speech	0.8	2.9	/home/sanchit/res_vad/data/porter_audio_clean/hermes-cca%2F2021-12-28%2Fea7765d7-a947-4ac7-b113-f22eccd4b40f%2F20833e2c-da46-43e4-9fef-51446ad1e693.wav
0	Speech	0.8200000000000001	1.32	/home/sanchit/res_vad/data/porter_audio_clean/hermes-cca%2F2022-02-09%2F6f15482d-5c49-49d5-af0c-d381d35b7752%2Ff3dd39d8-55d3-4560-b77d-5af05f6d33bf.wav
2	Speech	0.84	6.58	/home/sanchit/res_vad/data/porter_audio_clean/hermes-cca%2F2022-02-04%2F851d1ead-04a9-4b63-886d-4e0e91e8a192%2F5b405d19-6183-44d0-a22a-22abdfe0d89b.wav
0	Speech	0.84	3.7	/home/sanchit/res_vad/data/porter_audio_clean/hermes-cca%2F2022-02-11%2Feed47421-c022-49f2-9387-1f997f9267f3%2F4f6fa8ea-86fd-4237-810e-81aa46bfd6d1.wav
0	Speech	0.86	6.24	/home/sanchit/res_vad/data/porter_audio_clean/hermes-cca%2F2022-01-05%2F89cbafef-819f-43c7-a3dd-82cac1d5f142%2F22be7297-6591-4f71-867a-b9ca26bb9273.wav
1	Speech	0.92	1.46	/home/sanchit/res_vad/data/porter_audio_clean/hermes-cca%2F2022-01-11%2F2b9b8300-c043-4f8a-86f3-36b3dccfa80e%2F2a7099a4-56f0-4eb8-8741-e8288aa3ff3d.wav
0	Speech	0.9400000000000001	1.3	/home/sanchit/res_vad/data/porter_audio_clean/hermes-cca%2F2022-01-04%2F8c3b6f90-56bc-46a0-ab7f-9e1121bc15c0%2Ff41b6940-ab2c-43b9-8ddb-030c3542b108.wav
1	Speech	0.9400000000000001	3.24	/home/sanchit/res_vad/data/porter_audio_clean/hermes-cca%2F2022-01-11%2Fa9e49299-e906-483e-a6cd-e322115bf9ac%2F7340a9c3-7af4-4974-8ddc-cc64d787f237.wav
0	Speech	0.96	3.1	/home/sanchit/res_vad/data/porter_audio_clean/hermes-cca%2F2022-01-22%2Fe2003b41-6b28-47ba-9bbc-f4a3233500e7%2Fa7cfa24c-87f2-4def-ad5b-f8925ef92d78.wav
0	non-Speech	0.96	1.72	/home/sanchit/res_vad/data/porter_audio_clean/hermes-cca%2F2021-12-28%2F5926754f-630f-40d4-b926-ca9864eafdb1%2F38ed81a0-45d5-4bb1-b5bc-d85e97426277.wav
0	Speech	0.96	3.14	/home/sanchit/res_vad/data/porter_audio_clean/hermes-cca%2F2022-02-09%2Fc05118d0-efd8-40bd-91ab-4f6698d12829%2Ffeae0224-de61-4f68-a687-517faeadf677.wav
2	Speech	0.96	1.48	/home/sanchit/res_vad/data/porter_audio_clean/hermes-cca%2F2021-12-27%2Fc17f416f-76ea-4c94-8e9a-e69e6a1f09c4%2F64d0e8a1-beb1-4b46-96b2-7353fe3d30ab.wav
0	non-Speech	0.96	5.1000000000000005	/home/sanchit/res_vad/data/porter_audio_clean/hermes-cca%2F2022-02-08%2F9d2984d5-09e2-400e-8fc4-2a3e585e0887%2Fcb130366-469f-4fba-82c9-1df4345244a2.wav
0	Speech	1.02	1.74	/home/sanchit/res_vad/data/porter_audio_clean/hermes-cca%2F2022-01-11%2Fa0984572-624f-46be-9729-7c36ae61e88c%2F2c3e91fd-e972-4611-9169-11665b669036.wav
0	Speech	1.02	1.48	/home/sanchit/res_vad/data/porter_audio_clean/hermes-cca%2F2022-02-11%2Fd19a1866-5d5c-43b0-8fcf-83848859d9b1%2Fe75cba74-10d4-422e-a8b0-89101b1a8d98.wav
0	Speech	1.02	4.0	/home/sanchit/res_vad/data/porter_audio_clean/hermes-cca%2F2021-12-28%2F6025aa11-4077-4761-abab-45a32901d1d9%2Ff4f537e0-c23f-45e3-81a4-bcd075d46817.wav
0	Speech	1.04	2.82	/home/sanchit/res_vad/data/porter_audio_clean/hermes-cca%2F2022-01-31%2Fd4ef857b-1e77-478c-80be-05e1fb4664a4%2Ffff729ad-1647-4ea3-a943-34a09ca39ca5.wav
0	non-Speech	1.06	4.66	/home/sanchit/res_vad/data/porter_audio_clean/hermes-cca%2F2022-01-22%2F8aaa5773-84f0-4992-b10d-2c70d806f675%2F04b4cce1-23e0-4bba-abfe-6549b748dd89.wav
0	Speech	1.08	1.56	/home/sanchit/res_vad/data/porter_audio_clean/hermes-cca%2F2022-01-31%2F731c48c3-d81a-40e7-9a75-640b2f5ddc64%2Fcd77614c-f717-4f76-9d86-f41b9eaa7315.wav
0	Speech	1.08	3.88	/home/sanchit/res_vad/data/porter_audio_clean/hermes-cca%2F2022-01-31%2F731c48c3-d81a-40e7-9a75-640b2f5ddc64%2F6de6c993-5d58-4475-8a08-425652fa6da4.wav
0	Speech	1.08	6.640000000000001	/home/sanchit/res_vad/data/porter_audio_clean/hermes-cca%2F2022-01-11%2Fe2fb6f98-10bd-437a-93e6-94fd60ed1869%2Ff8e1c773-705c-4b81-b43e-54e7c1cb420b.wav
2	Speech	1.1	4.76	/home/sanchit/res_vad/data/porter_audio_clean/hermes-cca%2F2022-01-22%2F8aaa5773-84f0-4992-b10d-2c70d806f675%2F04b4cce1-23e0-4bba-abfe-6549b748dd89.wav
0	Speech	1.1	1.6400000000000001	/home/sanchit/res_vad/data/porter_audio_clean/hermes-cca%2F2022-01-11%2F28c220e5-3d28-439d-8d4d-217208c1bd33%2Fee195d2d-95cf-4dec-87f1-917fd3c46563.wav
0	non-Speech	1.1	8.2	/home/sanchit/res_vad/data/porter_audio_clean/hermes-cca%2F2022-01-27%2F00391afd-51f2-463c-aef1-547f6615a8a1%2Fc45b52c2-e5d2-4395-b7c2-46e66f2926ed.wav
0	Speech	1.12	2.92	/home/sanchit/res_vad/data/porter_audio_clean/hermes-cca%2F2022-02-08%2F14cd2d3b-9a06-4a0d-b827-707e85379c67%2F4d1ca233-91f8-4cf5-93f9-4dd78a47b06c.wav
0	Speech	1.12	1.48	/home/sanchit/res_vad/data/porter_audio_clean/hermes-cca%2F2022-01-04%2F37eb4ff8-478d-4701-afa3-c776b390bb0b%2F90b87f35-3c37-4320-a0ff-d20f241c5d12.wav
1	Speech	1.18	1.9000000000000001	/home/sanchit/res_vad/data/porter_audio_clean/hermes-cca%2F2022-01-31%2Fd4ef857b-1e77-478c-80be-05e1fb4664a4%2Fcce8b9bc-4243-4f93-b9ee-8294ffa04a0b.wav
1	Speech	1.2	1.8	/home/sanchit/res_vad/data/porter_audio_clean/hermes-cca%2F2022-01-04%2F2c7fe4ac-f88a-4c66-9a09-a175f79dd090%2Fa6788c71-0214-4205-a7bc-d1ab94b7cc63.wav
0	Speech	1.26	3.4	/home/sanchit/res_vad/data/porter_audio_clean/hermes-cca%2F2022-02-08%2F0f113310-c26a-4844-89be-a17242d9809a%2F67914a62-a285-4501-b8d9-1bba41908cc1.wav
0	Speech	1.26	3.0	/home/sanchit/res_vad/data/porter_audio_clean/hermes-cca%2F2022-01-05%2Fe69fdbd3-748b-4f52-863a-6855b9f37f37%2Fadd0f86c-e424-4a86-b69a-59560d3acfe1.wav
1	Speech	1.26	1.8	/home/sanchit/res_vad/data/porter_audio_clean/hermes-cca%2F2021-12-31%2F701bbef6-a3e7-4b14-852d-8acff06b3bd0%2Fac40dc9a-a503-4c12-af7a-13a24e73ded8.wav
1	Speech	1.26	6.36	/home/sanchit/res_vad/data/porter_audio_clean/hermes-cca%2F2022-01-27%2F00391afd-51f2-463c-aef1-547f6615a8a1%2Fc45b52c2-e5d2-4395-b7c2-46e66f2926ed.wav
0	Speech	1.26	2.04	/home/sanchit/res_vad/data/porter_audio_clean/hermes-cca%2F2021-12-28%2F70c8d326-791c-4149-a5a3-080eb0358360%2Fea01c4f9-a2d4-42c5-bee5-fbde5caae9e1.wav
0	Speech	1.28	1.56	/home/sanchit/res_vad/data/porter_audio_clean/hermes-cca%2F2022-01-22%2F8df7541e-b24f-47bf-aa74-633be6e9b927%2F6ad460c5-52f7-4670-973d-c8edcb5fef14.wav
0	Speech	1.3	5.74	/home/sanchit/res_vad/data/porter_audio_clean/hermes-cca%2F2022-01-11%2F3badeb41-c964-4a48-8411-4fb8f9064a77%2F4b4dd34c-0510-43c8-9a70-58d9624f4faa.wav
0	non-Speech	1.34	7.04	/home/sanchit/res_vad/data/porter_audio_clean/hermes-cca%2F2022-01-11%2F1f25d805-b3b8-449c-96d0-1a8cd6b1fed0%2F489fa73a-0b9a-4003-bd22-08405c898307.wav
1	Speech	1.34	3.5	/home/sanchit/res_vad/data/porter_audio_clean/hermes-cca%2F2022-01-04%2F18b51ae0-5063-484b-8fb6-bdf130a4f670%2F50345dc4-f1d9-40dd-8237-63c0f5f805f6.wav
0	Speech	1.34	4.3	/home/sanchit/res_vad/data/porter_audio_clean/hermes-cca%2F2022-01-11%2Fe2fb6f98-10bd-437a-93e6-94fd60ed1869%2F15540bc9-c892-4e41-9195-4a3a67c19901.wav
0	Speech	1.3800000000000001	4.92	/home/sanchit/res_vad/data/porter_audio_clean/hermes-cca%2F2021-12-28%2F6025aa11-4077-4761-abab-45a32901d1d9%2F3951ed1e-e979-421d-9e26-dd20fde8ac84.wav
0	Speech	1.42	3.88	/home/sanchit/res_vad/data/porter_audio_clean/hermes-cca%2F2022-02-11%2Fb0a63cc0-297e-45c4-b5f5-ce6cf5488fa7%2Fce4b6539-7023-4538-8d5f-d851d891432c.wav
1	Speech	1.42	7.1000000000000005	/home/sanchit/res_vad/data/porter_audio_clean/hermes-cca%2F2022-01-11%2F1f25d805-b3b8-449c-96d0-1a8cd6b1fed0%2F489fa73a-0b9a-4003-bd22-08405c898307.wav
0	Speech	1.44	1.8800000000000001	/home/sanchit/res_vad/data/porter_audio_clean/hermes-cca%2F2022-02-11%2Fb0a63cc0-297e-45c4-b5f5-ce6cf5488fa7%2F083a1644-c465-4b42-9532-b8b0c5f8c797.wav
0	Speech	1.48	3.94	/home/sanchit/res_vad/data/porter_audio_clean/hermes-cca%2F2022-02-11%2Feed47421-c022-49f2-9387-1f997f9267f3%2Fa8e3e26c-7080-4629-a474-94e5f3da3a1b.wav
0	Speech	1.5	2.94	/home/sanchit/res_vad/data/porter_audio_clean/hermes-cca%2F2022-01-27%2Fa39fb338-3116-4d7b-ad65-87b4063c8710%2F6c0363c3-8964-4d2a-bb16-90bb57a4fa44.wav
0	Speech	1.52	4.28	/home/sanchit/res_vad/data/porter_audio_clean/hermes-cca%2F2022-02-04%2Fe18e35ea-a218-467a-a155-43d18eaa7a76%2F926b7856-32dc-48d8-b3ae-bcf67189a4c4.wav
1	Speech	1.54	1.94	/home/sanchit/res_vad/data/porter_audio_clean/hermes-cca%2F2022-01-05%2F2d553ebb-8ba8-4b97-8cef-6d90f59c78ba%2F83a83e78-1971-4b7a-8950-a9aca1eeff7b.wav
0	Speech	1.56	2.12	/home/sanchit/res_vad/data/porter_audio_clean/hermes-cca%2F2022-01-22%2F21f61fc9-c27f-4b9d-972e-0d3d2e456f95%2F8ea1aa5d-26a9-427b-a4c7-1f520c174fe7.wav
0	Speech	1.56	3.08	/home/sanchit/res_vad/data/porter_audio_clean/hermes-cca%2F2022-01-22%2Fe2003b41-6b28-47ba-9bbc-f4a3233500e7%2F3b415491-f5a4-4067-90ae-aeaab2ab09f5.wav
0	Speech	1.58	3.64	/home/sanchit/res_vad/data/porter_audio_clean/hermes-cca%2F2022-02-09%2Fd6885b97-325a-4d99-857e-369a8f2b88d9%2F895b8712-2d15-4c42-b288-cdcaa3975e3f.wav
0	Speech	1.6	2.04	/home/sanchit/res_vad/data/porter_audio_clean/hermes-cca%2F2022-02-04%2Ffe9a7454-746e-4c2f-9891-3eef0b7e4aa2%2Fff94c442-9f7a-480a-ba6d-4d179590d23e.wav
1	Speech	1.6	3.18	/home/sanchit/res_vad/data/porter_audio_clean/hermes-cca%2F2022-01-11%2F50d060fd-918b-4271-ab59-d6a7c76eb0c4%2Fe06f4329-6bb1-437c-a5e7-5492680bbc07.wav
0	non-Speech	1.6400000000000001	5.1000000000000005	/home/sanchit/res_vad/data/porter_audio_clean/hermes-cca%2F2022-01-04%2F18b51ae0-5063-484b-8fb6-bdf130a4f670%2F50345dc4-f1d9-40dd-8237-63c0f5f805f6.wav
0	non-Speech	1.6400000000000001	5.4	/home/sanchit/res_vad/data/porter_audio_clean/hermes-cca%2F2022-01-22%2F6e236c2f-356c-4f75-af44-d5beb937fbfd%2Fb962d793-725e-48de-b880-e50df1684cd8.wav
0	Speech	1.6400000000000001	4.04	/home/sanchit/res_vad/data/porter_audio_clean/hermes-cca%2F2022-01-27%2F00391afd-51f2-463c-aef1-547f6615a8a1%2Fcdadcf65-5890-4bcd-8512-019748f82a44.wav
2	Speech	1.6600000000000001	3.0	/home/sanchit/res_vad/data/porter_audio_clean/hermes-cca%2F2021-12-28%2F87ce1280-c1bb-4f97-afb0-a69abcdaccbc%2F86ea26e4-383a-4f8d-867f-b8dc0f7314e2.wav
0	Speech	1.6600000000000001	3.8000000000000003	/home/sanchit/res_vad/data/porter_audio_clean/hermes-cca%2F2022-02-04%2Fc3c1a698-78f5-44ec-b4e4-30dc7942336f%2F080a2a29-195e-4083-91da-2bb3f4d5e16e.wav
0	Speech	1.6600000000000001	7.66	/home/sanchit/res_vad/data/porter_audio_clean/hermes-cca%2F2021-12-28%2F40c4a7f4-4bb3-447a-b40a-09ee197d9bf2%2Fe5139245-4a04-4eb2-90cf-4752302a998b.wav
1	Speech	1.6600000000000001	1.92	/home/sanchit/res_vad/data/porter_audio_clean/hermes-cca%2F2021-12-31%2Fd14e2cf7-07b3-40ee-8f6c-24e05b2e47c2%2F25c5e925-10dd-4e19-9faa-191b7863c0bf.wav
1	Speech	1.6600000000000001	5.5	/home/sanchit/res_vad/data/porter_audio_clean/hermes-cca%2F2022-01-22%2F6e236c2f-356c-4f75-af44-d5beb937fbfd%2Fb962d793-725e-48de-b880-e50df1684cd8.wav
0	non-Speech	1.6600000000000001	4.6000000000000005	/home/sanchit/res_vad/data/porter_audio_clean/hermes-cca%2F2022-01-04%2Ffddb98af-e3f7-43df-9cb1-541eda050058%2F5b976707-04df-474c-a783-4c5c3b7fd01d.wav
1	Speech	1.72	4.24	/home/sanchit/res_vad/data/porter_audio_clean/hermes-cca%2F2022-01-31%2F731c48c3-d81a-40e7-9a75-640b2f5ddc64%2Fcd77614c-f717-4f76-9d86-f41b9eaa7315.wav
1	Speech	1.74	4.46	/home/sanchit/res_vad/data/porter_audio_clean/hermes-cca%2F2021-12-31%2F954873e8-b069-4049-8133-d1756e0900a6%2F718a55a5-c744-440a-a392-80b33f97e0ad.wav
0	Speech	1.74	2.06	/home/sanchit/res_vad/data/porter_audio_clean/hermes-cca%2F2022-02-09%2Fd6885b97-325a-4d99-857e-369a8f2b88d9%2Fb525cb29-7508-4fa9-9f7c-17c84c3e55c9.wav
0	Speech	1.74	3.16	/home/sanchit/res_vad/data/porter_audio_clean/hermes-cca%2F2022-02-08%2Fb859f859-745a-44f9-8d74-2bd5320e3353%2Fbf77f4fe-c052-49e0-afcb-8dcda6497592.wav
0	Speech	1.76	2.24	/home/sanchit/res_vad/data/porter_audio_clean/hermes-cca%2F2022-01-04%2F8c3b6f90-56bc-46a0-ab7f-9e1121bc15c0%2Fed46141a-bf56-4959-9fa8-14fb2b80f723.wav
0	Speech	1.78	8.2	/home/sanchit/res_vad/data/porter_audio_clean/hermes-cca%2F2022-02-08%2Fd1542b9a-7783-4f6e-862a-118ed1a93f3a%2Fad0bc47e-7169-4617-8602-a5690171a5a7.wav
0	Speech	1.82	3.96	/home/sanchit/res_vad/data/porter_audio_clean/hermes-cca%2F2022-02-11%2Fd51fb447-8a1d-4650-9083-60d3a2053b31%2Fca9e8f38-a9e4-471e-a831-4ee7a6cace57.wav
1	Speech	1.84	2.2800000000000002	/home/sanchit/res_vad/data/porter_audio_clean/hermes-cca%2F2022-02-08%2Fb859f859-745a-44f9-8d74-2bd5320e3353%2F194f29c5-9e11-4d8d-9ea5-ad0c167b1679.wav
1	non-Speech	1.86	2.8000000000000003	/home/sanchit/res_vad/data/porter_audio_clean/hermes-cca%2F2021-12-28%2F5926754f-630f-40d4-b926-ca9864eafdb1%2F38ed81a0-45d5-4bb1-b5bc-d85e97426277.wav
0	Speech	1.86	3.48	/home/sanchit/res_vad/data/porter_audio_clean/hermes-cca%2F2021-12-31%2F4ee96860-d6e3-4c27-aa92-c5c9092b88c1%2F7ff8ff30-5272-439a-bdde-144cd5c82bfd.wav
0	Speech	1.9000000000000001	5.32	/home/sanchit/res_vad/data/porter_audio_clean/hermes-cca%2F2022-01-22%2Ff998d525-d844-4372-adbf-dce09cbfb297%2F26803844-3989-4f98-9360-14604735e15f.wav
0	Speech	1.92	3.74	/home/sanchit/res_vad/data/porter_audio_clean/hermes-cca%2F2022-02-09%2F6f15482d-5c49-49d5-af0c-d381d35b7752%2Fca4627b4-07df-402f-9f47-0bb99a629ad2.wav
0	Speech	1.94	3.64	/home/sanchit/res_vad/data/porter_audio_clean/hermes-cca%2F2022-01-31%2Fd4ef857b-1e77-478c-80be-05e1fb4664a4%2Fd912688d-fd72-4aba-a3ab-93e732d539c7.wav
0	Speech	1.98	3.86	/home/sanchit/res_vad/data/porter_audio_clean/hermes-cca%2F2022-02-08%2Fef4b8744-e1dd-4a8a-b73b-c2ce4ef2d28a%2Fcb011545-ff65-4602-b165-b57c2315376e.wav
0	Speech	1.98	4.6000000000000005	/home/sanchit/res_vad/data/porter_audio_clean/hermes-cca%2F2022-02-08%2F4fb29844-9747-4041-8d3f-49bd370d5e21%2F4f96a9a2-4648-4058-891c-e705f423f80c.wav
0	Speech	2.0	3.48	/home/sanchit/res_vad/data/porter_audio_clean/hermes-cca%2F2022-01-27%2F3f3d3c32-4c41-4e4f-9343-5578ea05bbe1%2F9df39df7-f640-4ccd-a2ae-437fe284495a.wav
1	Speech	2.0	2.44	/home/sanchit/res_vad/data/porter_audio_clean/hermes-cca%2F2022-02-11%2Fb0a63cc0-297e-45c4-b5f5-ce6cf5488fa7%2F3129ed8b-d130-4753-9880-abe124eb9cc6.wav
0	Speech	2.06	2.46	/home/sanchit/res_vad/data/porter_audio_clean/hermes-cca%2F2022-01-04%2F52f3ff30-9fcc-41dc-95e4-589f7f0a2a19%2F22b4a604-c6b8-434e-83de-ab7b0764bedf.wav
0	Speech	2.06	6.3	/home/sanchit/res_vad/data/porter_audio_clean/hermes-cca%2F2022-01-11%2F134a7542-1f46-42e9-a756-6dd5df7503cc%2F4618e862-124b-4bd8-a891-3163326984a3.wav
5	Speech	2.06	5.72	/home/sanchit/res_vad/data/porter_audio_clean/hermes-cca%2F2022-01-27%2Fc648d556-ef57-4ff2-82d5-8ce921da0ff2%2F8dd2820b-d325-4ad1-95df-0ab08d98619f.wav
1	Speech	2.14	7.44	/home/sanchit/res_vad/data/porter_audio_clean/hermes-cca%2F2022-01-11%2Fc63d78d3-3af9-4bdb-ae16-92400ce1a2ff%2F370e50e9-9ef6-4dc5-ba13-6c4edc5c4242.wav
1	Speech	2.16	4.0	/home/sanchit/res_vad/data/porter_audio_clean/hermes-cca%2F2021-12-28%2Fb6f43104-e7fe-48c3-ab59-154034930abf%2Fbdabd043-ec11-40c3-a9c9-ee4933f76e58.wav
0	Speech	2.16	3.88	/home/sanchit/res_vad/data/porter_audio_clean/hermes-cca%2F2022-02-08%2F14cd2d3b-9a06-4a0d-b827-707e85379c67%2F0b7a1ab6-db03-4240-94c0-98b675cce44c.wav
0	non-Speech	2.18	3.2	/home/sanchit/res_vad/data/porter_audio_clean/hermes-cca%2F2021-12-27%2Fc17f416f-76ea-4c94-8e9a-e69e6a1f09c4%2F64d0e8a1-beb1-4b46-96b2-7353fe3d30ab.wav
0	Speech	2.2	4.5600000000000005	/home/sanchit/res_vad/data/porter_audio_clean/hermes-cca%2F2021-12-31%2Fc119da92-49fc-42a9-a645-c2df94b1c759%2F5f7bccad-0479-4089-a5d9-10c0bba60755.wav
0	Speech	2.2	2.92	/home/sanchit/res_vad/data/porter_audio_clean/hermes-cca%2F2022-01-22%2Fe76cf241-5453-4d7e-be9c-8a2239937a62%2F4ec3930b-9ce7-4e88-bfeb-e5125353b9bf.wav
1	Speech	2.22	4.24	/home/sanchit/res_vad/data/porter_audio_clean/hermes-cca%2F2022-01-22%2F8df7541e-b24f-47bf-aa74-633be6e9b927%2F6ad460c5-52f7-4670-973d-c8edcb5fef14.wav
0	Speech	2.3000000000000003	4.22	/home/sanchit/res_vad/data/porter_audio_clean/hermes-cca%2F2022-01-22%2F8df7541e-b24f-47bf-aa74-633be6e9b927%2Fb564e590-834d-424b-90d6-a3ffb9aad844.wav
0	Speech	2.3000000000000003	4.38	/home/sanchit/res_vad/data/porter_audio_clean/hermes-cca%2F2021-12-31%2F701bbef6-a3e7-4b14-852d-8acff06b3bd0%2Ff9d3c793-5d38-46b1-9bbe-b351b1f4cf47.wav
1	Speech	2.3000000000000003	2.7800000000000002	/home/sanchit/res_vad/data/porter_audio_clean/hermes-cca%2F2021-12-28%2F70c8d326-791c-4149-a5a3-080eb0358360%2Fea01c4f9-a2d4-42c5-bee5-fbde5caae9e1.wav
0	Speech	2.32	2.8000000000000003	/home/sanchit/res_vad/data/porter_audio_clean/hermes-cca%2F2022-02-11%2Fc3f2f5cf-a9bb-4937-901a-c42fbe800872%2F7e5d70b4-3d0c-4237-a1dc-c7b1f3d1c93e.wav
0	Speech	2.34	3.98	/home/sanchit/res_vad/data/porter_audio_clean/hermes-cca%2F2022-01-04%2Fb5b1057d-7cea-423b-a447-ff272ac7d7a8%2F76ad1e8f-9639-4f3c-a58e-fcc9cb28581b.wav
1	Speech	2.36	3.08	/home/sanchit/res_vad/data/porter_audio_clean/hermes-cca%2F2022-01-04%2F8c3b6f90-56bc-46a0-ab7f-9e1121bc15c0%2Ff41b6940-ab2c-43b9-8ddb-030c3542b108.wav
0	Speech	2.38	7.46	/home/sanchit/res_vad/data/porter_audio_clean/hermes-cca%2F2021-12-28%2Fe7941a5d-7656-42bb-9939-518ae0586003%2Ffd481f1e-412a-4867-865f-09a5d848d2c3.wav
0	Speech	2.38	3.9	/home/sanchit/res_vad/data/porter_audio_clean/hermes-cca%2F2021-12-27%2F9e16799e-aa52-48f9-beb3-3a2db6e4ef97%2Fc36da84b-88df-49ce-afae-41d0dd1f3ac5.wav
1	Speech	2.46	3.88	/home/sanchit/res_vad/data/porter_audio_clean/hermes-cca%2F2022-01-22%2Fc32ad1af-d8fc-48e4-8adf-39bee16b9568%2F1ab67826-1d1a-4a4e-8fcf-c5f42378431c.wav
0	non-Speech	2.46	7.38	/home/sanchit/res_vad/data/porter_audio_clean/hermes-cca%2F2022-01-11%2Fc63d78d3-3af9-4bdb-ae16-92400ce1a2ff%2F370e50e9-9ef6-4dc5-ba13-6c4edc5c4242.wav
0	Speech	2.48	2.94	/home/sanchit/res_vad/data/porter_audio_clean/hermes-cca%2F2022-02-04%2Fc3c1a698-78f5-44ec-b4e4-30dc7942336f%2Fbbab8142-0f9b-4235-8908-a8745c4851ad.wav
0	non-Speech	2.58	3.8200000000000003	/home/sanchit/res_vad/data/porter_audio_clean/hermes-cca%2F2021-12-27%2F2916d6c2-da2b-4594-880f-f15a2d70875c%2F241bef16-3039-481f-8917-eb07aebf206d.wav
0	non-Speech	2.58	8.700000000000001	/home/sanchit/res_vad/data/porter_audio_clean/hermes-cca%2F2022-01-22%2F24043b5e-66ed-45f6-bc7c-9df3ad0b48e1%2Fb5badccf-ead8-4ed9-becd-db47ebb2aa9c.wav
2	Speech	2.62	3.6	/home/sanchit/res_vad/data/porter_audio_clean/hermes-cca%2F2022-01-11%2F2b9b8300-c043-4f8a-86f3-36b3dccfa80e%2F2a7099a4-56f0-4eb8-8741-e8288aa3ff3d.wav
0	non-Speech	2.66	3.88	/home/sanchit/res_vad/data/porter_audio_clean/hermes-cca%2F2021-11-08%2F1daed0d9-0a79-494b-a9d7-844327366cb0%2F8fa7ac79-2195-4d17-b844-7b10506ad824.wav
0	non-Speech	2.66	4.78	/home/sanchit/res_vad/data/porter_audio_clean/hermes-cca%2F2022-01-31%2Fd4ef857b-1e77-478c-80be-05e1fb4664a4%2Fcce8b9bc-4243-4f93-b9ee-8294ffa04a0b.wav
0	Speech	2.66	4.54	/home/sanchit/res_vad/data/porter_audio_clean/hermes-cca%2F2022-01-05%2F2d553ebb-8ba8-4b97-8cef-6d90f59c78ba%2F64459745-9ddc-4414-ba6d-bc5a60ed18b6.wav
1	Speech	2.68	3.04	/home/sanchit/res_vad/data/porter_audio_clean/hermes-cca%2F2022-02-04%2Ffe9a7454-746e-4c2f-9891-3eef0b7e4aa2%2Fff94c442-9f7a-480a-ba6d-4d179590d23e.wav
3	Speech	2.72	3.94	/home/sanchit/res_vad/data/porter_audio_clean/hermes-cca%2F2021-11-08%2F1daed0d9-0a79-494b-a9d7-844327366cb0%2F8fa7ac79-2195-4d17-b844-7b10506ad824.wav
0	Speech	2.7800000000000002	4.58	/home/sanchit/res_vad/data/porter_audio_clean/hermes-cca%2F2022-01-22%2F8df7541e-b24f-47bf-aa74-633be6e9b927%2Faf2bccdb-78f5-4051-bcbf-e342534561bb.wav
2	Speech	2.7800000000000002	8.700000000000001	/home/sanchit/res_vad/data/porter_audio_clean/hermes-cca%2F2022-01-22%2F24043b5e-66ed-45f6-bc7c-9df3ad0b48e1%2Fb5badccf-ead8-4ed9-becd-db47ebb2aa9c.wav
1	Speech	2.8000000000000003	4.72	/home/sanchit/res_vad/data/porter_audio_clean/hermes-cca%2F2021-12-31%2F0cf45299-81e3-44c6-ba2b-d5b6edad2862%2F11369817-ed67-4838-9602-7b55b17fbb18.wav
0	Speech	2.8000000000000003	3.7800000000000002	/home/sanchit/res_vad/data/porter_audio_clean/hermes-cca%2F2022-01-05%2Fc9ff5739-028b-414c-9882-0cbe92f51972%2F5fbd2e6c-fa5d-4302-853b-3bf5a96be763.wav
0	Speech	2.8000000000000003	3.48	/home/sanchit/res_vad/data/porter_audio_clean/hermes-cca%2F2021-11-08%2F706970c5-58bd-4ca7-af2b-5e7f0432dc0a%2F72b08605-1de1-4fd2-9e7f-62e1edbb764c.wav
4	Speech	2.86	4.92	/home/sanchit/res_vad/data/porter_audio_clean/hermes-cca%2F2022-01-22%2F6f7f4e94-564f-41ab-97c1-569075e3b727%2Fab012c95-441b-4dcc-9a0b-ecc0a15cfb6f.wav
0	Speech	2.88	7.18	/home/sanchit/res_vad/data/porter_audio_clean/hermes-cca%2F2022-01-22%2F46615329-8953-42cf-bdfb-010cfa77aa79%2F585b67db-684e-46a8-9eb5-3b0d38fda9b2.wav
0	Speech	2.9	3.8000000000000003	/home/sanchit/res_vad/data/porter_audio_clean/hermes-cca%2F2022-01-22%2F4f33e692-faec-4fbd-9320-6634206a3a01%2Fa5266896-78e2-419e-b897-485102c9bdd0.wav
0	Speech	2.94	3.48	/home/sanchit/res_vad/data/porter_audio_clean/hermes-cca%2F2022-02-11%2Ff0b56f73-aaed-4811-a0f5-f8d78c5db335%2F3ad62c03-fe08-4f54-abf9-0d037b443ee4.wav
1	Speech	2.96	3.8200000000000003	/home/sanchit/res_vad/data/porter_audio_clean/hermes-cca%2F2022-01-04%2F8c3b6f90-56bc-46a0-ab7f-9e1121bc15c0%2Fed46141a-bf56-4959-9fa8-14fb2b80f723.wav
0	Speech	2.98	5.54	/home/sanchit/res_vad/data/porter_audio_clean/hermes-cca%2F2022-02-11%2F2a062194-1285-4971-85ff-97cace9dfa78%2F56efeeaf-5d69-4057-95ef-073423497fee.wav
0	non-Speech	3.0	3.8200000000000003	/home/sanchit/res_vad/data/porter_audio_clean/hermes-cca%2F2022-01-22%2F34004b25-ca90-43c2-8c38-ec18f98c3802%2Fd0683014-482e-47fd-9725-2c8ab5a7e328.wav
2	Speech	3.02	4.6000000000000005	/home/sanchit/res_vad/data/porter_audio_clean/hermes-cca%2F2021-12-28%2F70c8d326-791c-4149-a5a3-080eb0358360%2Fea01c4f9-a2d4-42c5-bee5-fbde5caae9e1.wav
1	Speech	3.12	4.68	/home/sanchit/res_vad/data/porter_audio_clean/hermes-cca%2F2022-01-22%2F383b999f-c53d-436a-84ea-5b6a567ef7c4%2F4bc7129b-8340-4ac8-ad2f-7ba3ed3adbd7.wav
0	Speech	3.16	8.8	/home/sanchit/res_vad/data/porter_audio_clean/hermes-cca%2F2022-01-04%2F8c6ca743-e0cf-4abc-b32b-8486796e059c%2Fa5b94df1-bda6-4311-9fc6-ed48856de573.wav
0	Speech	3.18	3.96	/home/sanchit/res_vad/data/porter_audio_clean/hermes-cca%2F2021-11-08%2F4c3fce0e-22fa-435a-ac26-0b2e18812d21%2Ffacd67d7-3e6c-4b33-aa04-a5a3043a9683.wav
2	Speech	3.18	3.7	/home/sanchit/res_vad/data/porter_audio_clean/hermes-cca%2F2022-01-04%2F2c7fe4ac-f88a-4c66-9a09-a175f79dd090%2Fa6788c71-0214-4205-a7bc-d1ab94b7cc63.wav
0	Speech	3.22	3.96	/home/sanchit/res_vad/data/porter_audio_clean/hermes-cca%2F2021-12-31%2Fc119da92-49fc-42a9-a645-c2df94b1c759%2Fc7a99037-8453-4a07-9cc3-22baad4b8a5f.wav
0	Speech	3.24	9.6	/home/sanchit/res_vad/data/porter_audio_clean/hermes-cca%2F2022-01-22%2F8df7541e-b24f-47bf-aa74-633be6e9b927%2F44beae75-3c4f-442e-9519-5603555156d3.wav
1	Speech	3.2800000000000002	5.74	/home/sanchit/res_vad/data/porter_audio_clean/hermes-cca%2F2022-01-05%2Fe69fdbd3-748b-4f52-863a-6855b9f37f37%2Fadd0f86c-e424-4a86-b69a-59560d3acfe1.wav
0	Speech	3.3200000000000003	4.8	/home/sanchit/res_vad/data/porter_audio_clean/hermes-cca%2F2022-02-08%2Fb859f859-745a-44f9-8d74-2bd5320e3353%2F5a8d7c54-7da2-420e-b0f4-88a57257b6d1.wav
2	Speech	3.3200000000000003	4.0200000000000005	/home/sanchit/res_vad/data/porter_audio_clean/hermes-cca%2F2022-01-31%2Fd4ef857b-1e77-478c-80be-05e1fb4664a4%2Fcce8b9bc-4243-4f93-b9ee-8294ffa04a0b.wav
0	non-Speech	3.3200000000000003	7.98	/home/sanchit/res_vad/data/porter_audio_clean/hermes-cca%2F2022-01-11%2F50d060fd-918b-4271-ab59-d6a7c76eb0c4%2Fe06f4329-6bb1-437c-a5e7-5492680bbc07.wav
2	Speech	3.34	5.16	/home/sanchit/res_vad/data/porter_audio_clean/hermes-cca%2F2022-02-04%2Ffe9a7454-746e-4c2f-9891-3eef0b7e4aa2%2Fff94c442-9f7a-480a-ba6d-4d179590d23e.wav
1	Speech	3.34	4.16	/home/sanchit/res_vad/data/porter_audio_clean/hermes-cca%2F2021-12-28%2Fea7765d7-a947-4ac7-b113-f22eccd4b40f%2F8c847701-8c0d-4923-a9b1-7601f6e43b2f.wav
1	Speech	3.38	4.5	/home/sanchit/res_vad/data/porter_audio_clean/hermes-cca%2F2022-02-11%2Fd19a1866-5d5c-43b0-8fcf-83848859d9b1%2Fe75cba74-10d4-422e-a8b0-89101b1a8d98.wav
0	Speech	3.42	5.1000000000000005	/home/sanchit/res_vad/data/porter_audio_clean/hermes-cca%2F2022-01-11%2Fe32f4b09-4116-49f4-976a-2ba422821b96%2F28afa8ef-16da-4403-afef-c24485301aa5.wav
1	Speech	3.52	5.16	/home/sanchit/res_vad/data/porter_audio_clean/hermes-cca%2F2022-02-08%2Fb859f859-745a-44f9-8d74-2bd5320e3353%2Fbf77f4fe-c052-49e0-afcb-8dcda6497592.wav
0	Speech	3.58	5.62	/home/sanchit/res_vad/data/porter_audio_clean/hermes-cca%2F2022-01-22%2F6f7f4e94-564f-41ab-97c1-569075e3b727%2F1f35bca4-198c-40c6-baf0-d06f174f62ad.wav
2	Speech	3.62	8.2	/home/sanchit/res_vad/data/porter_audio_clean/hermes-cca%2F2022-01-11%2F50d060fd-918b-4271-ab59-d6a7c76eb0c4%2Fe06f4329-6bb1-437c-a5e7-5492680bbc07.wav
1	non-Speech	3.64	18.44	/home/sanchit/res_vad/data/porter_audio_clean/hermes-cca%2F2022-02-08%2Fd1542b9a-7783-4f6e-862a-118ed1a93f3a%2Fb1189d0e-eaed-46cc-990c-85e42e49f18b.wav
0	non-Speech	3.74	6.8	/home/sanchit/res_vad/data/porter_audio_clean/hermes-cca%2F2022-02-09%2F415be487-30e5-45c2-9962-3007c667a51f%2F5a290f3b-0abd-415a-bce7-0b67f634e5a3.wav
0	Speech	3.74	4.96	/home/sanchit/res_vad/data/porter_audio_clean/hermes-cca%2F2021-11-08%2F4c3fce0e-22fa-435a-ac26-0b2e18812d21%2F25eb889e-013b-4837-a2ce-b8737bb9e9c5.wav
4	Speech	3.74	6.84	/home/sanchit/res_vad/data/porter_audio_clean/hermes-cca%2F2022-02-09%2F415be487-30e5-45c2-9962-3007c667a51f%2F5a290f3b-0abd-415a-bce7-0b67f634e5a3.wav
1	Speech	3.74	4.42	/home/sanchit/res_vad/data/porter_audio_clean/hermes-cca%2F2021-12-31%2Fae3b2058-6af4-49cc-925e-442bf3c214f0%2Fcaf0c458-f376-4590-9023-7c9d55bd529f.wav
1	Speech	3.74	4.2	/home/sanchit/res_vad/data/porter_audio_clean/hermes-cca%2F2022-02-04%2Fbf69cf9b-b0fe-4c8e-8049-fe2a1a265dbb%2Ff8ebf6a7-9253-4ac7-b6c1-048571920d37.wav
1	non-Speech	3.7800000000000002	4.5600000000000005	/home/sanchit/res_vad/data/porter_audio_clean/hermes-cca%2F2021-12-27%2Fc17f416f-76ea-4c94-8e9a-e69e6a1f09c4%2F64d0e8a1-beb1-4b46-96b2-7353fe3d30ab.wav
1	Speech	3.84	4.88	/home/sanchit/res_vad/data/porter_audio_clean/hermes-cca%2F2022-02-11%2Feed47421-c022-49f2-9387-1f997f9267f3%2F4f6fa8ea-86fd-4237-810e-81aa46bfd6d1.wav
0	non-Speech	3.9	5.16	/home/sanchit/res_vad/data/porter_audio_clean/hermes-cca%2F2022-01-11%2F2b9b8300-c043-4f8a-86f3-36b3dccfa80e%2F2a7099a4-56f0-4eb8-8741-e8288aa3ff3d.wav
2	Speech	3.92	4.6000000000000005	/home/sanchit/res_vad/data/porter_audio_clean/hermes-cca%2F2022-01-04%2F8c3b6f90-56bc-46a0-ab7f-9e1121bc15c0%2Fed46141a-bf56-4959-9fa8-14fb2b80f723.wav
1	Speech	3.92	6.94	/home/sanchit/res_vad/data/porter_audio_clean/hermes-cca%2F2022-01-22%2F4f33e692-faec-4fbd-9320-6634206a3a01%2Fa5266896-78e2-419e-b897-485102c9bdd0.wav
0	Speech	3.94	5.74	/home/sanchit/res_vad/data/porter_audio_clean/hermes-cca%2F2022-02-04%2Fe7130e01-e1c1-4244-a3e8-21cf0944a93c%2Fdb863613-9ff8-4e42-9f34-ad2adaff982f.wav
1	Speech	3.94	6.36	/home/sanchit/res_vad/data/porter_audio_clean/hermes-cca%2F2022-02-08%2F14cd2d3b-9a06-4a0d-b827-707e85379c67%2F0b7a1ab6-db03-4240-94c0-98b675cce44c.wav
1	Speech	3.98	7.96	/home/sanchit/res_vad/data/porter_audio_clean/hermes-cca%2F2021-12-28%2Ff604e6d4-7656-4f9b-92bd-e776ac29055a%2F30aa0a30-de1f-4e9d-bf20-613d58156f24.wav
3	Speech	3.98	5.16	/home/sanchit/res_vad/data/porter_audio_clean/hermes-cca%2F2022-01-11%2F2b9b8300-c043-4f8a-86f3-36b3dccfa80e%2F2a7099a4-56f0-4eb8-8741-e8288aa3ff3d.wav
1	non-Speech	4.0	5.96	/home/sanchit/res_vad/data/porter_audio_clean/hermes-cca%2F2021-11-08%2F1daed0d9-0a79-494b-a9d7-844327366cb0%2F8fa7ac79-2195-4d17-b844-7b10506ad824.wav
4	Speech	4.0200000000000005	6.04	/home/sanchit/res_vad/data/porter_audio_clean/hermes-cca%2F2021-11-08%2F1daed0d9-0a79-494b-a9d7-844327366cb0%2F8fa7ac79-2195-4d17-b844-7b10506ad824.wav
0	Speech	4.04	4.5600000000000005	/home/sanchit/res_vad/data/porter_audio_clean/hermes-cca%2F2021-11-08%2Fea10e074-9b7c-4171-b9fd-69bb5bbb97b6%2F342f8120-204a-436e-84e8-300057ba422f.wav
1	Speech	4.1	4.72	/home/sanchit/res_vad/data/porter_audio_clean/hermes-cca%2F2022-02-09%2F0caf0721-dc89-475d-9636-c8e7ca57a039%2Fed080f21-cb26-4c64-9739-cfecf25b9d3a.wav
0	Speech	4.1	6.94	/home/sanchit/res_vad/data/porter_audio_clean/hermes-cca%2F2021-12-28%2F49f54a7a-1799-4f08-be6d-9308c6e47d64%2F6ea3c212-0c60-4ba2-b3fe-e29051d2e6e9.wav
1	Speech	4.12	4.48	/home/sanchit/res_vad/data/porter_audio_clean/hermes-cca%2F2022-01-04%2F52f3ff30-9fcc-41dc-95e4-589f7f0a2a19%2F22b4a604-c6b8-434e-83de-ab7b0764bedf.wav
0	non-Speech	4.2	5.1000000000000005	/home/sanchit/res_vad/data/porter_audio_clean/hermes-cca%2F2022-01-27%2F3cce0128-2ebd-4d27-b2d4-5d26980b9353%2Fb575c735-3d79-47b8-b7f5-180ef736b18e.wav
2	Speech	4.22	5.38	/home/sanchit/res_vad/data/porter_audio_clean/hermes-cca%2F2022-01-11%2Fa9e49299-e906-483e-a6cd-e322115bf9ac%2F7340a9c3-7af4-4974-8ddc-cc64d787f237.wav
0	non-Speech	4.22	5.24	/home/sanchit/res_vad/data/porter_audio_clean/hermes-cca%2F2022-01-11%2Fa9e49299-e906-483e-a6cd-e322115bf9ac%2F7340a9c3-7af4-4974-8ddc-cc64d787f237.wav
2	Speech	4.36	5.62	/home/sanchit/res_vad/data/porter_audio_clean/hermes-cca%2F2022-01-04%2F8c3b6f90-56bc-46a0-ab7f-9e1121bc15c0%2Ff41b6940-ab2c-43b9-8ddb-030c3542b108.wav
1	Speech	4.38	8.28	/home/sanchit/res_vad/data/porter_audio_clean/hermes-cca%2F2022-01-27%2F00391afd-51f2-463c-aef1-547f6615a8a1%2Fcdadcf65-5890-4bcd-8512-019748f82a44.wav
1	Speech	4.4	4.84	/home/sanchit/res_vad/data/porter_audio_clean/hermes-cca%2F2022-01-31%2Fd4ef857b-1e77-478c-80be-05e1fb4664a4%2Fd912688d-fd72-4aba-a3ab-93e732d539c7.wav
2	Speech	4.4	5.2	/home/sanchit/res_vad/data/porter_audio_clean/hermes-cca%2F2022-01-22%2F8df7541e-b24f-47bf-aa74-633be6e9b927%2F6ad460c5-52f7-4670-973d-c8edcb5fef14.wav
0	Speech	4.4	8.2	/home/sanchit/res_vad/data/porter_audio_clean/hermes-cca%2F2022-01-22%2F56077c5c-9ae1-4e13-bdc7-fbe4db5d6013%2F744719a4-567e-4737-9328-1ce18a679238.wav
2	Speech	4.42	4.96	/home/sanchit/res_vad/data/porter_audio_clean/hermes-cca%2F2022-01-05%2F2d553ebb-8ba8-4b97-8cef-6d90f59c78ba%2F83a83e78-1971-4b7a-8950-a9aca1eeff7b.wav
1	Speech	4.48	6.36	/home/sanchit/res_vad/data/porter_audio_clean/hermes-cca%2F2022-02-11%2Fca6fe525-3376-4a5e-b0f5-7ccaa1729eb9%2Fea15599d-604e-4604-a2cf-b60fbbef4c7c.wav
0	Speech	4.48	5.3	/home/sanchit/res_vad/data/porter_audio_clean/hermes-cca%2F2022-02-04%2Fdf842086-8028-4bc1-9b62-4091ed0a314e%2F2d88c572-ecd0-423e-8e6f-aa32896d4416.wav
1	Speech	4.5200000000000005	5.54	/home/sanchit/res_vad/data/porter_audio_clean/hermes-cca%2F2022-01-31%2Fd4ef857b-1e77-478c-80be-05e1fb4664a4%2Ffff729ad-1647-4ea3-a943-34a09ca39ca5.wav
2	Speech	4.5200000000000005	6.28	/home/sanchit/res_vad/data/porter_audio_clean/hermes-cca%2F2022-02-09%2Ff253d22b-9a8a-4efe-9090-230bc9334956%2F785e4b8f-1f12-48c4-b8bb-4c4fa7ceeff0.wav
0	non-Speech	4.58	5.22	/home/sanchit/res_vad/data/porter_audio_clean/hermes-cca%2F2022-01-22%2Fa9a2c3a6-755a-47be-ae91-b9c42e08ec2a%2F610b1ac2-2d1a-46e9-9f22-433ddf8f7ea4.wav
0	Speech	4.62	5.14	/home/sanchit/res_vad/data/porter_audio_clean/hermes-cca%2F2022-01-05%2F3e2342c0-5b59-4db3-aa75-18f7181f5b00%2Fa7c43097-f40e-4e63-9ff7-1dcc0b5c16ba.wav
1	Speech	4.62	6.94	/home/sanchit/res_vad/data/porter_audio_clean/hermes-cca%2F2022-02-11%2Fd51fb447-8a1d-4650-9083-60d3a2053b31%2Fca9e8f38-a9e4-471e-a831-4ee7a6cace57.wav
1	Speech	4.62	8.72	/home/sanchit/res_vad/data/porter_audio_clean/hermes-cca%2F2022-01-11%2Fe2fb6f98-10bd-437a-93e6-94fd60ed1869%2F15540bc9-c892-4e41-9195-4a3a67c19901.wav
1	Speech	4.64	7.88	/home/sanchit/res_vad/data/porter_audio_clean/hermes-cca%2F2022-01-22%2F8df7541e-b24f-47bf-aa74-633be6e9b927%2Faf2bccdb-78f5-4051-bcbf-e342534561bb.wav
1	non-Speech	4.78	6.38	/home/sanchit/res_vad/data/porter_audio_clean/hermes-cca%2F2022-01-22%2F8aaa5773-84f0-4992-b10d-2c70d806f675%2F04b4cce1-23e0-4bba-abfe-6549b748dd89.wav
3	Speech	4.8	6.46	/home/sanchit/res_vad/data/porter_audio_clean/hermes-cca%2F2022-01-22%2F8aaa5773-84f0-4992-b10d-2c70d806f675%2F04b4cce1-23e0-4bba-abfe-6549b748dd89.wav
1	Speech	4.94	7.08	/home/sanchit/res_vad/data/porter_audio_clean/hermes-cca%2F2022-01-22%2F8df7541e-b24f-47bf-aa74-633be6e9b927%2Fb564e590-834d-424b-90d6-a3ffb9aad844.wav
2	Speech	4.94	6.36	/home/sanchit/res_vad/data/porter_audio_clean/hermes-cca%2F2022-02-11%2Fb0a63cc0-297e-45c4-b5f5-ce6cf5488fa7%2F3129ed8b-d130-4753-9880-abe124eb9cc6.wav
2	Speech	4.96	6.54	/home/sanchit/res_vad/data/porter_audio_clean/hermes-cca%2F2022-02-11%2Fd19a1866-5d5c-43b0-8fcf-83848859d9b1%2Fe75cba74-10d4-422e-a8b0-89101b1a8d98.wav
1	Speech	5.0200000000000005	5.44	/home/sanchit/res_vad/data/porter_audio_clean/hermes-cca%2F2021-12-31%2F4ee96860-d6e3-4c27-aa92-c5c9092b88c1%2F7ff8ff30-5272-439a-bdde-144cd5c82bfd.wav
1	Speech	5.28	6.96	/home/sanchit/res_vad/data/porter_audio_clean/hermes-cca%2F2022-02-08%2Fef4b8744-e1dd-4a8a-b73b-c2ce4ef2d28a%2Fcb011545-ff65-4602-b165-b57c2315376e.wav
2	Speech	5.3	6.42	/home/sanchit/res_vad/data/porter_audio_clean/hermes-cca%2F2022-02-11%2Feed47421-c022-49f2-9387-1f997f9267f3%2F4f6fa8ea-86fd-4237-810e-81aa46bfd6d1.wav
4	Speech	5.44	5.78	/home/sanchit/res_vad/data/porter_audio_clean/hermes-cca%2F2022-01-11%2F2b9b8300-c043-4f8a-86f3-36b3dccfa80e%2F2a7099a4-56f0-4eb8-8741-e8288aa3ff3d.wav
1	Speech	5.5200000000000005	5.86	/home/sanchit/res_vad/data/porter_audio_clean/hermes-cca%2F2022-02-04%2Fc3c1a698-78f5-44ec-b4e4-30dc7942336f%2F080a2a29-195e-4083-91da-2bb3f4d5e16e.wav
3	Speech	5.58	6.38	/home/sanchit/res_vad/data/porter_audio_clean/hermes-cca%2F2022-01-22%2F8df7541e-b24f-47bf-aa74-633be6e9b927%2F6ad460c5-52f7-4670-973d-c8edcb5fef14.wav
2	Speech	5.58	6.72	/home/sanchit/res_vad/data/porter_audio_clean/hermes-cca%2F2022-01-22%2Fc32ad1af-d8fc-48e4-8adf-39bee16b9568%2F1ab67826-1d1a-4a4e-8fcf-c5f42378431c.wav
2	Speech	5.72	6.1000000000000005	/home/sanchit/res_vad/data/porter_audio_clean/hermes-cca%2F2022-02-08%2Fb859f859-745a-44f9-8d74-2bd5320e3353%2Fbf77f4fe-c052-49e0-afcb-8dcda6497592.wav
0	non-Speech	5.78	7.36	/home/sanchit/res_vad/data/porter_audio_clean/hermes-cca%2F2022-01-27%2Fc648d556-ef57-4ff2-82d5-8ce921da0ff2%2F8dd2820b-d325-4ad1-95df-0ab08d98619f.wav
6	Speech	5.78	7.42	/home/sanchit/res_vad/data/porter_audio_clean/hermes-cca%2F2022-01-27%2Fc648d556-ef57-4ff2-82d5-8ce921da0ff2%2F8dd2820b-d325-4ad1-95df-0ab08d98619f.wav
3	Speech	6.0600000000000005	6.68	/home/sanchit/res_vad/data/porter_audio_clean/hermes-cca%2F2022-01-04%2F2c7fe4ac-f88a-4c66-9a09-a175f79dd090%2Fa6788c71-0214-4205-a7bc-d1ab94b7cc63.wav
2	non-Speech	6.18	7.16	/home/sanchit/res_vad/data/porter_audio_clean/hermes-cca%2F2021-11-08%2F1daed0d9-0a79-494b-a9d7-844327366cb0%2F8fa7ac79-2195-4d17-b844-7b10506ad824.wav
5	Speech	6.2	7.22	/home/sanchit/res_vad/data/porter_audio_clean/hermes-cca%2F2021-11-08%2F1daed0d9-0a79-494b-a9d7-844327366cb0%2F8fa7ac79-2195-4d17-b844-7b10506ad824.wav
0	non-Speech	6.24	9.18	/home/sanchit/res_vad/data/porter_audio_clean/hermes-cca%2F2022-01-22%2F6f7f4e94-564f-41ab-97c1-569075e3b727%2Fab012c95-441b-4dcc-9a0b-ecc0a15cfb6f.wav
5	Speech	6.38	9.200000000000001	/home/sanchit/res_vad/data/porter_audio_clean/hermes-cca%2F2022-01-22%2F6f7f4e94-564f-41ab-97c1-569075e3b727%2Fab012c95-441b-4dcc-9a0b-ecc0a15cfb6f.wav
0	non-Speech	6.46	7.66	/home/sanchit/res_vad/data/porter_audio_clean/hermes-cca%2F2021-12-31%2F954873e8-b069-4049-8133-d1756e0900a6%2F718a55a5-c744-440a-a392-80b33f97e0ad.wav
1	Speech	6.48	8.2	/home/sanchit/res_vad/data/porter_audio_clean/hermes-cca%2F2022-01-11%2F134a7542-1f46-42e9-a756-6dd5df7503cc%2F4618e862-124b-4bd8-a891-3163326984a3.wav
0	non-Speech	6.5200000000000005	18.44	/home/sanchit/res_vad/data/porter_audio_clean/hermes-cca%2F2022-02-11%2Fca6fe525-3376-4a5e-b0f5-7ccaa1729eb9%2Fea15599d-604e-4604-a2cf-b60fbbef4c7c.wav
2	Speech	6.54	7.16	/home/sanchit/res_vad/data/porter_audio_clean/hermes-cca%2F2022-02-08%2F14cd2d3b-9a06-4a0d-b827-707e85379c67%2F0b7a1ab6-db03-4240-94c0-98b675cce44c.wav
2	Speech	6.7	8.2	/home/sanchit/res_vad/data/porter_audio_clean/hermes-cca%2F2022-01-27%2F00391afd-51f2-463c-aef1-547f6615a8a1%2Fc45b52c2-e5d2-4395-b7c2-46e66f2926ed.wav
1	Speech	6.74	7.12	/home/sanchit/res_vad/data/porter_audio_clean/hermes-cca%2F2022-01-04%2Ffddb98af-e3f7-43df-9cb1-541eda050058%2F5b976707-04df-474c-a783-4c5c3b7fd01d.wav
4	Speech	6.8	8.2	/home/sanchit/res_vad/data/porter_audio_clean/hermes-cca%2F2022-01-22%2F8aaa5773-84f0-4992-b10d-2c70d806f675%2F04b4cce1-23e0-4bba-abfe-6549b748dd89.wav
1	non-Speech	6.8	8.2	/home/sanchit/res_vad/data/porter_audio_clean/hermes-cca%2F2022-02-04%2F851d1ead-04a9-4b63-886d-4e0e91e8a192%2F5b405d19-6183-44d0-a22a-22abdfe0d89b.wav
3	Speech	6.8	8.2	/home/sanchit/res_vad/data/porter_audio_clean/hermes-cca%2F2022-02-04%2F851d1ead-04a9-4b63-886d-4e0e91e8a192%2F5b405d19-6183-44d0-a22a-22abdfe0d89b.wav
5	Speech	6.84	8.18	/home/sanchit/res_vad/data/porter_audio_clean/hermes-cca%2F2022-01-11%2F2b9b8300-c043-4f8a-86f3-36b3dccfa80e%2F2a7099a4-56f0-4eb8-8741-e8288aa3ff3d.wav
2	Speech	6.94	8.44	/home/sanchit/res_vad/data/porter_audio_clean/hermes-cca%2F2022-01-22%2F383b999f-c53d-436a-84ea-5b6a567ef7c4%2F4bc7129b-8340-4ac8-ad2f-7ba3ed3adbd7.wav
3	Speech	6.98	8.4	/home/sanchit/res_vad/data/porter_audio_clean/hermes-cca%2F2022-02-11%2Fd19a1866-5d5c-43b0-8fcf-83848859d9b1%2Fe75cba74-10d4-422e-a8b0-89101b1a8d98.wav
3	Speech	7.0	7.66	/home/sanchit/res_vad/data/porter_audio_clean/hermes-cca%2F2022-02-11%2Feed47421-c022-49f2-9387-1f997f9267f3%2F4f6fa8ea-86fd-4237-810e-81aa46bfd6d1.wav
2	Speech	7.04	8.2	/home/sanchit/res_vad/data/porter_audio_clean/hermes-cca%2F2022-02-11%2Fd51fb447-8a1d-4650-9083-60d3a2053b31%2Fca9e8f38-a9e4-471e-a831-4ee7a6cace57.wav
1	Speech	7.08	8.88	/home/sanchit/res_vad/data/porter_audio_clean/hermes-cca%2F2022-01-11%2Fc63d78d3-3af9-4bdb-ae16-92400ce1a2ff%2Fdffa0eba-22c8-4021-8b59-2df5cc286cdb.wav
2	Speech	7.140000000000001	7.74	/home/sanchit/res_vad/data/porter_audio_clean/hermes-cca%2F2022-02-08%2Fef4b8744-e1dd-4a8a-b73b-c2ce4ef2d28a%2Fcb011545-ff65-4602-b165-b57c2315376e.wav
2	Speech	7.18	8.2	/home/sanchit/res_vad/data/porter_audio_clean/hermes-cca%2F2022-01-11%2F1f25d805-b3b8-449c-96d0-1a8cd6b1fed0%2F489fa73a-0b9a-4003-bd22-08405c898307.wav
3	Speech	7.26	11.42	/home/sanchit/res_vad/data/porter_audio_clean/hermes-cca%2F2022-02-08%2F14cd2d3b-9a06-4a0d-b827-707e85379c67%2F0b7a1ab6-db03-4240-94c0-98b675cce44c.wav
3	Speech	7.28	9.1	/home/sanchit/res_vad/data/porter_audio_clean/hermes-cca%2F2022-01-22%2Fc32ad1af-d8fc-48e4-8adf-39bee16b9568%2F1ab67826-1d1a-4a4e-8fcf-c5f42378431c.wav
1	non-Speech	7.34	10.02	/home/sanchit/res_vad/data/porter_audio_clean/hermes-cca%2F2022-02-09%2F415be487-30e5-45c2-9962-3007c667a51f%2F5a290f3b-0abd-415a-bce7-0b67f634e5a3.wav
5	Speech	7.36	12.540000000000001	/home/sanchit/res_vad/data/porter_audio_clean/hermes-cca%2F2022-02-09%2F415be487-30e5-45c2-9962-3007c667a51f%2F5a290f3b-0abd-415a-bce7-0b67f634e5a3.wav
3	Speech	7.42	11.98	/home/sanchit/res_vad/data/porter_audio_clean/hermes-cca%2F2022-02-11%2Fb0a63cc0-297e-45c4-b5f5-ce6cf5488fa7%2F3129ed8b-d130-4753-9880-abe124eb9cc6.wav
2	Speech	7.46	9.4	/home/sanchit/res_vad/data/porter_audio_clean/hermes-cca%2F2021-12-31%2F4ee96860-d6e3-4c27-aa92-c5c9092b88c1%2F7ff8ff30-5272-439a-bdde-144cd5c82bfd.wav
2	Speech	7.5200000000000005	8.2	/home/sanchit/res_vad/data/porter_audio_clean/hermes-cca%2F2022-01-11%2Fc63d78d3-3af9-4bdb-ae16-92400ce1a2ff%2F370e50e9-9ef6-4dc5-ba13-6c4edc5c4242.wav
1	non-Speech	7.7	9.38	/home/sanchit/res_vad/data/porter_audio_clean/hermes-cca%2F2022-01-27%2Fc648d556-ef57-4ff2-82d5-8ce921da0ff2%2F8dd2820b-d325-4ad1-95df-0ab08d98619f.wav
7	Speech	7.74	9.42	/home/sanchit/res_vad/data/porter_audio_clean/hermes-cca%2F2022-01-27%2Fc648d556-ef57-4ff2-82d5-8ce921da0ff2%2F8dd2820b-d325-4ad1-95df-0ab08d98619f.wav
0	non-Speech	7.76	9.200000000000001	/home/sanchit/res_vad/data/porter_audio_clean/hermes-cca%2F2022-02-09%2Ff253d22b-9a8a-4efe-9090-230bc9334956%2F785e4b8f-1f12-48c4-b8bb-4c4fa7ceeff0.wav
3	Speech	7.8	8.16	/home/sanchit/res_vad/data/porter_audio_clean/hermes-cca%2F2022-01-04%2F8c3b6f90-56bc-46a0-ab7f-9e1121bc15c0%2Ff41b6940-ab2c-43b9-8ddb-030c3542b108.wav
3	Speech	8.24	8.56	/home/sanchit/res_vad/data/porter_audio_clean/hermes-cca%2F2022-02-08%2Fef4b8744-e1dd-4a8a-b73b-c2ce4ef2d28a%2Fcb011545-ff65-4602-b165-b57c2315376e.wav
6	Speech	8.86	10.48	/home/sanchit/res_vad/data/porter_audio_clean/hermes-cca%2F2022-01-11%2F2b9b8300-c043-4f8a-86f3-36b3dccfa80e%2F2a7099a4-56f0-4eb8-8741-e8288aa3ff3d.wav
3	Speech	8.86	9.8	/home/sanchit/res_vad/data/porter_audio_clean/hermes-cca%2F2022-01-22%2F383b999f-c53d-436a-84ea-5b6a567ef7c4%2F4bc7129b-8340-4ac8-ad2f-7ba3ed3adbd7.wav
1	non-Speech	8.9	15.68	/home/sanchit/res_vad/data/porter_audio_clean/hermes-cca%2F2022-01-22%2F24043b5e-66ed-45f6-bc7c-9df3ad0b48e1%2Fb5badccf-ead8-4ed9-becd-db47ebb2aa9c.wav
3	Speech	8.96	15.76	/home/sanchit/res_vad/data/porter_audio_clean/hermes-cca%2F2022-01-22%2F24043b5e-66ed-45f6-bc7c-9df3ad0b48e1%2Fb5badccf-ead8-4ed9-becd-db47ebb2aa9c.wav
2	Speech	9.08	9.58	/home/sanchit/res_vad/data/porter_audio_clean/hermes-cca%2F2022-01-22%2F4f33e692-faec-4fbd-9320-6634206a3a01%2Fa5266896-78e2-419e-b897-485102c9bdd0.wav
2	Speech	9.24	10.34	/home/sanchit/res_vad/data/porter_audio_clean/hermes-cca%2F2022-01-22%2F8df7541e-b24f-47bf-aa74-633be6e9b927%2Faf2bccdb-78f5-4051-bcbf-e342534561bb.wav
2	non-Speech	9.74	13.6	/home/sanchit/res_vad/data/porter_audio_clean/hermes-cca%2F2022-01-27%2Fc648d556-ef57-4ff2-82d5-8ce921da0ff2%2F8dd2820b-d325-4ad1-95df-0ab08d98619f.wav
8	Speech	9.76	14.98	/home/sanchit/res_vad/data/porter_audio_clean/hermes-cca%2F2022-01-27%2Fc648d556-ef57-4ff2-82d5-8ce921da0ff2%2F8dd2820b-d325-4ad1-95df-0ab08d98619f.wav
1	Speech	9.86	11.120000000000001	/home/sanchit/res_vad/data/porter_audio_clean/hermes-cca%2F2021-12-28%2F49f54a7a-1799-4f08-be6d-9308c6e47d64%2F6ea3c212-0c60-4ba2-b3fe-e29051d2e6e9.wav
1	Speech	9.92	10.5	/home/sanchit/res_vad/data/porter_audio_clean/hermes-cca%2F2022-01-04%2F8c6ca743-e0cf-4abc-b32b-8486796e059c%2Fa5b94df1-bda6-4311-9fc6-ed48856de573.wav
2	non-Speech	10.08	12.52	/home/sanchit/res_vad/data/porter_audio_clean/hermes-cca%2F2022-02-09%2F415be487-30e5-45c2-9962-3007c667a51f%2F5a290f3b-0abd-415a-bce7-0b67f634e5a3.wav
2	Speech	10.24	14.14	/home/sanchit/res_vad/data/porter_audio_clean/hermes-cca%2F2022-01-27%2F00391afd-51f2-463c-aef1-547f6615a8a1%2Fcdadcf65-5890-4bcd-8512-019748f82a44.wav
4	Speech	10.24	10.68	/home/sanchit/res_vad/data/porter_audio_clean/hermes-cca%2F2022-01-22%2Fc32ad1af-d8fc-48e4-8adf-39bee16b9568%2F1ab67826-1d1a-4a4e-8fcf-c5f42378431c.wav
1	non-Speech	10.3	12.280000000000001	/home/sanchit/res_vad/data/porter_audio_clean/hermes-cca%2F2022-01-22%2F6f7f4e94-564f-41ab-97c1-569075e3b727%2Fab012c95-441b-4dcc-9a0b-ecc0a15cfb6f.wav
3	Speech	10.700000000000001	12.68	/home/sanchit/res_vad/data/porter_audio_clean/hermes-cca%2F2022-01-22%2F8df7541e-b24f-47bf-aa74-633be6e9b927%2Faf2bccdb-78f5-4051-bcbf-e342534561bb.wav
6	Speech	11.06	12.3	/home/sanchit/res_vad/data/porter_audio_clean/hermes-cca%2F2022-01-22%2F6f7f4e94-564f-41ab-97c1-569075e3b727%2Fab012c95-441b-4dcc-9a0b-ecc0a15cfb6f.wav
4	Speech	11.68	14.86	/home/sanchit/res_vad/data/porter_audio_clean/hermes-cca%2F2022-02-08%2F14cd2d3b-9a06-4a0d-b827-707e85379c67%2F0b7a1ab6-db03-4240-94c0-98b675cce44c.wav
2	non-Speech	12.5	15.280000000000001	/home/sanchit/res_vad/data/porter_audio_clean/hermes-cca%2F2022-01-22%2F6f7f4e94-564f-41ab-97c1-569075e3b727%2Fab012c95-441b-4dcc-9a0b-ecc0a15cfb6f.wav
7	Speech	12.76	15.3	/home/sanchit/res_vad/data/porter_audio_clean/hermes-cca%2F2022-01-22%2F6f7f4e94-564f-41ab-97c1-569075e3b727%2Fab012c95-441b-4dcc-9a0b-ecc0a15cfb6f.wav
6	Speech	13.22	14.540000000000001	/home/sanchit/res_vad/data/porter_audio_clean/hermes-cca%2F2022-02-09%2F415be487-30e5-45c2-9962-3007c667a51f%2F5a290f3b-0abd-415a-bce7-0b67f634e5a3.wav
3	non-Speech	13.68	14.92	/home/sanchit/res_vad/data/porter_audio_clean/hermes-cca%2F2022-01-27%2Fc648d556-ef57-4ff2-82d5-8ce921da0ff2%2F8dd2820b-d325-4ad1-95df-0ab08d98619f.wav
7	Speech	14.620000000000001	15.42	/home/sanchit/res_vad/data/porter_audio_clean/hermes-cca%2F2022-02-09%2F415be487-30e5-45c2-9962-3007c667a51f%2F5a290f3b-0abd-415a-bce7-0b67f634e5a3.wav
4	non-Speech	15.26	17.16	/home/sanchit/res_vad/data/porter_audio_clean/hermes-cca%2F2022-01-27%2Fc648d556-ef57-4ff2-82d5-8ce921da0ff2%2F8dd2820b-d325-4ad1-95df-0ab08d98619f.wav
5	Speech	15.280000000000001	18.14	/home/sanchit/res_vad/data/porter_audio_clean/hermes-cca%2F2022-02-08%2F14cd2d3b-9a06-4a0d-b827-707e85379c67%2F0b7a1ab6-db03-4240-94c0-98b675cce44c.wav
9	Speech	15.36	17.240000000000002	/home/sanchit/res_vad/data/porter_audio_clean/hermes-cca%2F2022-01-27%2Fc648d556-ef57-4ff2-82d5-8ce921da0ff2%2F8dd2820b-d325-4ad1-95df-0ab08d98619f.wav
8	Speech	15.56	15.82	/home/sanchit/res_vad/data/porter_audio_clean/hermes-cca%2F2022-02-09%2F415be487-30e5-45c2-9962-3007c667a51f%2F5a290f3b-0abd-415a-bce7-0b67f634e5a3.wav
9	Speech	15.94	17.02	/home/sanchit/res_vad/data/porter_audio_clean/hermes-cca%2F2022-02-09%2F415be487-30e5-45c2-9962-3007c667a51f%2F5a290f3b-0abd-415a-bce7-0b67f634e5a3.wav
3	non-Speech	16.1	17.66	/home/sanchit/res_vad/data/porter_audio_clean/hermes-cca%2F2022-01-22%2F6f7f4e94-564f-41ab-97c1-569075e3b727%2Fab012c95-441b-4dcc-9a0b-ecc0a15cfb6f.wav
8	Speech	16.16	18.44	/home/sanchit/res_vad/data/porter_audio_clean/hermes-cca%2F2022-01-22%2F6f7f4e94-564f-41ab-97c1-569075e3b727%2Fab012c95-441b-4dcc-9a0b-ecc0a15cfb6f.wav
10	Speech	17.14	17.52	/home/sanchit/res_vad/data/porter_audio_clean/hermes-cca%2F2022-02-09%2F415be487-30e5-45c2-9962-3007c667a51f%2F5a290f3b-0abd-415a-bce7-0b67f634e5a3.wav
10	Speech	17.5	18.44	/home/sanchit/res_vad/data/porter_audio_clean/hermes-cca%2F2022-01-27%2Fc648d556-ef57-4ff2-82d5-8ce921da0ff2%2F8dd2820b-d325-4ad1-95df-0ab08d98619f.wav
11	Speech	17.7	18.44	/home/sanchit/res_vad/data/porter_audio_clean/hermes-cca%2F2022-02-09%2F415be487-30e5-45c2-9962-3007c667a51f%2F5a290f3b-0abd-415a-bce7-0b67f634e5a3.wav
